Company,Website
Basecamp,basecamp.com
Calendly,https://calendly.com
Gusto,www.gusto.com
Buffer,https://buffer.com/
Pipedrive,pipedrive.com
Close,close.com
Help Scout,helpscout.com
Wistia,wistia.com
Ghost,ghost.org
Plausible Analytics,plausible.io
Fathom Analytics,usefathom.com
Transistor,transistor.fm
Basecamp (duplicate row),https://www.basecamp.com/about
Buffer (duplicate email),hello@buffer.com
Personal contact,someone@gmail.com
Missing website,
Dead domain,this-company-does-not-exist-9271.com
